{
	"authHost": "localhost",
	"authEndpoint": "/broadcasting/auth",
	"clients": [
		{
			"appId": "a80bf4efccb26cb3",
			"key": "c6d55ea10ec8aaa36a3c15777c0b79fe"
		}
	],
	"database": "redis",
	"databaseConfig": {
		"redis": {"port": "3001", "host": "redis.app.dev"},
		"sqlite": {
			"databasePath": "/database/laravel-echo-server.sqlite"
		}
	},
	"devMode": true,
	"host": null,
	"port": "8080",
	"protocol": "http",
	"socketio": {},
	"sslCertPath": "",
	"sslKeyPath": "",
	"sslCertChainPath": "",
	"sslPassphrase": "",
	"apiOriginAllow": {
		"allowCors": true,
		"allowOrigin": "http://localhost:80/kanopp/blog/public/",
		"allowMethods": "GET, POST",
		"allowHeaders": "Origin, Content-Type, X-Auth-Token, X-Requested-With, Accept, Authorization, X-CSRF-TOKEN, X-Socket-Id"
	}
}